{
    "metadata": {
        "generator": "io_three",
        "version": 4.4,
        "type": "Object"
    },
    "object": {
        "uuid": "23F190EA-84A9-4B9D-BF77-848D07AB5F8F",
        "matrix": [1,0,0,0,0,1,0,0,0,0,1,0,0,0,0,1],
        "children": [{
            "name": "Box",
            "uuid": "DDA9AE26-14F9-3E6A-9BDD-AF02F6D2F286",
            "matrix": [-1,0,0,0,0,0,1,0,0,1,0,0,0,0.75,0,1],
            "visible": true,
            "type": "Mesh",
            "material": "900DACFF-20F8-3283-BB31-40AB36F205F9",
            "castShadow": true,
            "receiveShadow": true,
            "geometry": "15641190-4052-3871-BF5E-F046F6B1B496"
        },{
            "name": "CameraPreset",
            "uuid": "B0C4E574-DECC-3D97-99F0-60577F3026BF",
            "matrix": [-1,0,-0,0,-0,0,1,0,0,1,0,0,0,0.75,-0.0005,1],
            "visible": true,
            "type": "Object",
            "children": [{
                "name": "TurnTableCamera",
                "uuid": "D7C44AB9-C5E4-3E53-805E-02A6D8DC90EC",
                "matrix": [0.725375,-0.688353,-0,0,0.036026,0.037963,0.99863,0,-0.68741,-0.724381,0.052336,0,-2.58266,-2.72169,0.196452,1],
                "visible": true,
                "type": "PerspectiveCamera",
                "far": 50000,
                "near": 0.1,
                "aspect": 1.77778,
                "fov": 38.6274
            }]
        },{
            "name": "LightPreset",
            "uuid": "1783D250-7BC6-30D0-B7CB-5461D8774CE2",
            "matrix": [-1,0,0,0,0,0,1,0,0,1,0,0,0,0.75,-0.0005,1],
            "visible": true,
            "type": "Object",
            "children": [{
                "name": "BackLight",
                "uuid": "6C2D9241-E0B7-3878-BBEB-78107E823E3E",
                "matrix": [-0.117758,-0.595422,0.794736,0,0.794736,0.42335,0.434935,0,-0.595422,0.682823,0.42335,0,-14.8855,17.0706,10.5838,1],
                "visible": true,
                "type": "DirectionalLight",
                "castShadow": false,
                "color": 7838134,
                "intensity": 0.75,
                "distance": 0
            },{
                "name": "FillLight",
                "uuid": "45C90A33-0D2F-3540-A48E-3AFDDA8A011B",
                "matrix": [0.398127,0.775804,-0.489512,0,-0.489512,0.630973,0.601873,0,0.775804,-0,0.630973,0,37.2651,0,30.3082,1],
                "visible": true,
                "type": "DirectionalLight",
                "castShadow": false,
                "color": 15062196,
                "intensity": 0.85,
                "distance": 0
            },{
                "name": "KeyLight",
                "uuid": "50157FD0-6064-3AF8-A62F-23E1675946D0",
                "matrix": [0.817645,-0.527833,0.229888,0,0.229888,0.66542,0.710188,0,-0.527833,-0.527833,0.66542,0,-13.1958,-13.1958,16.6355,1],
                "visible": true,
                "type": "DirectionalLight",
                "castShadow": false,
                "color": 16776180,
                "intensity": 1,
                "distance": 0
            }]
        },{
            "name": "Plane",
            "uuid": "631279BD-3DB0-34E6-BE17-B19991DEF360",
            "matrix": [-1,0,0,0,0,1,-0,0,0,-0,-1,0,0,0.1,-0.626,1],
            "visible": true,
            "type": "Mesh",
            "material": "EBEEF0BF-3581-3563-AE10-379FF032D230",
            "castShadow": true,
            "receiveShadow": true,
            "geometry": "FDA35051-77AC-3FCF-B642-34C990EA7344"
        },{
            "name": "Plane1",
            "uuid": "D5211B8C-258D-3868-A8EA-36AE03B6C111",
            "matrix": [-1,0,0,0,0,0,1,0,0,1,0,0,0,0,0,1],
            "visible": true,
            "type": "Mesh",
            "material": "AD2A5978-6198-371D-BDAF-1E2A9D66113B",
            "castShadow": true,
            "receiveShadow": true,
            "geometry": "F379AE98-C06B-3C1B-9C01-43C9DBB0E829"
        },{
            "name": "Torus",
            "uuid": "9E57E2F8-2660-3209-A6A1-61E1EAD8A858",
            "matrix": [-1,0,0,0,0,0,1,0,0,30,0,0,0,3,0,1],
            "visible": true,
            "type": "Mesh",
            "material": "AEB0B152-F015-316A-8275-AB6518E25DCD",
            "castShadow": true,
            "receiveShadow": true,
            "geometry": "9838AE54-DDD3-3795-82AD-49AEB706B30F"
        }],
        "type": "Scene"
    },
    "geometries": [{
        "uuid": "15641190-4052-3871-BF5E-F046F6B1B496",
        "materials": [{
            "mapDiffuseWrap": ["RepeatWrapping","RepeatWrapping"],
            "doubleSided": true,
            "colorEmissive": [0,0,0],
            "mapDiffuse": "12Building_texture6.jpg",
            "colorDiffuse": [0.690196,0.690196,0.690196],
            "colorAmbient": [0.690196,0.690196,0.690196],
            "depthTest": true,
            "colorSpecular": [0.1,0.1,0.1],
            "shading": "phong",
            "DbgIndex": 0,
            "wireframe": false,
            "visible": true,
            "specularCoef": 50,
            "opacity": 1,
            "mapDiffuseAnisotropy": 1,
            "DbgColor": 15658734,
            "transparent": false,
            "blending": "NormalBlending",
            "DbgName": "Standard2",
            "mapDiffuseRepeat": [1,1],
            "depthWrite": true
        }],
        "data": {
            "bones": [],
            "faces": [43,0,2,3,1,0,0,1,2,3,0,1,2,3,43,2,4,5,3,0,1,4,5,2,1,1,2,2,43,4,6,7,5,0,4,6,7,5,1,1,2,2,43,6,8,9,7,0,6,8,9,7,1,1,2,2,43,8,10,11,9,0,8,10,11,9,1,1,2,2,43,10,12,13,11,0,10,12,13,11,1,4,5,2,43,14,16,17,15,0,0,1,2,3,6,7,8,9,43,16,18,19,17,0,1,4,5,2,7,7,8,8,43,18,20,21,19,0,4,6,7,5,7,7,8,8,43,20,22,23,21,0,6,8,9,7,7,7,8,8,43,22,24,25,23,0,8,10,11,9,7,7,8,8,43,24,26,27,25,0,10,12,13,11,7,10,11,8,43,0,1,14,15,0,13,3,0,12,0,3,6,9,43,27,26,13,12,0,0,12,13,3,11,10,5,4,43,2,0,15,17,0,2,3,0,1,1,0,9,8,43,17,19,4,2,0,1,4,5,2,8,8,1,1,43,19,21,6,4,0,4,6,7,5,8,8,1,1,43,21,23,8,6,0,6,8,9,7,8,8,1,1,43,23,25,10,8,0,8,10,11,9,8,8,1,1,43,25,27,12,10,0,10,12,13,11,8,11,4,1,43,1,3,16,14,0,0,1,2,3,3,2,7,6,43,3,5,18,16,0,1,4,5,2,2,2,7,7,43,5,7,20,18,0,4,6,7,5,2,2,7,7,43,7,9,22,20,0,6,8,9,7,2,2,7,7,43,9,11,24,22,0,8,10,11,9,2,2,7,7,43,11,13,26,24,0,10,12,13,11,2,5,10,7],
            "skinWeights": [],
            "name": "BoxGeometry",
            "influencesPerVertex": 2,
            "normals": [0.577349,-0.577349,0.577349,0.707083,-0.707083,0,0.707083,0.707083,0,0.577349,0.577349,0.577349,0.577349,-0.577349,-0.577349,0.577349,0.577349,-0.577349,-0.577349,0.577349,0.577349,-0.707083,0.707083,0,-0.707083,-0.707083,0,-0.577349,-0.577349,0.577349,-0.577349,0.577349,-0.577349,-0.577349,-0.577349,-0.577349],
            "vertices": [1.25,-0.625,0.75,1.25,0.625,0.75,1.25,-0.625,0.5,1.25,0.625,0.5,1.25,-0.625,0.25,1.25,0.625,0.25,1.25,-0.625,0,1.25,0.625,0,1.25,-0.625,-0.25,1.25,0.625,-0.25,1.25,-0.625,-0.5,1.25,0.625,-0.5,1.25,-0.625,-0.75,1.25,0.625,-0.75,-1.25,0.625,0.75,-1.25,-0.625,0.75,-1.25,0.625,0.5,-1.25,-0.625,0.5,-1.25,0.625,0.25,-1.25,-0.625,0.25,-1.25,0.625,0,-1.25,-0.625,0,-1.25,0.625,-0.25,-1.25,-0.625,-0.25,-1.25,0.625,-0.5,-1.25,-0.625,-0.5,-1.25,0.625,-0.75,-1.25,-0.625,-0.75],
            "skinIndices": [],
            "metadata": {
                "bones": 0,
                "faces": 26,
                "normals": 12,
                "generator": "io_three",
                "morphTargets": 0,
                "uvs": 1,
                "materials": 1,
                "version": 3,
                "vertices": 28
            },
            "animations": [],
            "uvs": [[0,1,0,0.833333,1,0.833333,1,1,0,0.666667,1,0.666667,0,0.5,1,0.5,0,0.333333,1,0.333333,0,0.166667,1,0.166667,0,0,1,0]],
            "morphTargets": []
        },
        "type": "Geometry"
    },{
        "uuid": "9838AE54-DDD3-3795-82AD-49AEB706B30F",
        "materials": [{
            "mapDiffuseWrap": ["RepeatWrapping","RepeatWrapping"],
            "doubleSided": true,
            "colorEmissive": [0,0,0],
            "mapDiffuse": "Skies0239_600.jpg",
            "colorDiffuse": [0.690196,0.690196,0.690196],
            "colorAmbient": [0.690196,0.690196,0.690196],
            "depthTest": true,
            "colorSpecular": [0.1,0.1,0.1],
            "shading": "phong",
            "DbgIndex": 0,
            "wireframe": false,
            "visible": true,
            "specularCoef": 50,
            "opacity": 1,
            "mapDiffuseAnisotropy": 1,
            "DbgColor": 15658734,
            "transparent": false,
            "blending": "NormalBlending",
            "DbgName": "Standard3",
            "mapDiffuseRepeat": [1,1],
            "depthWrite": true
        }],
        "data": {
            "bones": [],
            "faces": [43,0,24,25,1,0,0,1,2,3,0,1,2,3,43,1,25,26,2,0,3,2,4,5,3,2,4,5,43,2,26,27,3,0,5,4,6,7,5,4,6,7,43,3,27,28,4,0,7,6,8,9,7,6,8,9,43,4,28,29,5,0,9,8,10,11,9,8,10,11,43,5,29,30,6,0,11,10,12,13,11,10,12,13,43,6,30,31,7,0,13,12,14,15,13,12,14,15,43,7,31,32,8,0,15,14,16,17,15,14,16,17,43,8,32,33,9,0,17,16,18,19,17,16,18,19,43,9,33,34,10,0,19,18,20,21,19,18,20,21,43,10,34,35,11,0,21,20,22,23,21,20,22,23,43,11,35,36,12,0,23,22,24,25,23,22,24,25,43,12,36,37,13,0,25,24,26,27,25,24,26,27,43,13,37,38,14,0,27,26,28,29,27,26,28,29,43,14,38,39,15,0,29,28,30,31,29,28,30,31,43,15,39,40,16,0,31,30,32,33,31,30,32,33,43,16,40,41,17,0,33,32,34,35,33,32,34,35,43,17,41,42,18,0,35,34,36,37,35,34,36,37,43,18,42,43,19,0,37,36,38,39,37,36,38,39,43,19,43,44,20,0,39,38,40,41,39,38,40,41,43,20,44,45,21,0,41,40,42,43,41,40,42,43,43,21,45,46,22,0,43,42,44,45,43,42,44,45,43,22,46,47,23,0,45,44,46,47,45,44,46,47,43,24,0,23,47,0,48,49,47,46,1,0,47,46,43,24,48,49,25,0,1,50,51,2,1,48,49,2,43,25,49,50,26,0,2,51,52,4,2,49,50,4,43,26,50,51,27,0,4,52,53,6,4,50,51,6,43,27,51,52,28,0,6,53,54,8,6,51,52,8,43,28,52,53,29,0,8,54,55,10,8,52,53,10,43,29,53,54,30,0,10,55,56,12,10,53,54,12,43,30,54,55,31,0,12,56,57,14,12,54,55,14,43,31,55,56,32,0,14,57,58,16,14,55,56,16,43,32,56,57,33,0,16,58,59,18,16,56,57,18,43,33,57,58,34,0,18,59,60,20,18,57,58,20,43,34,58,59,35,0,20,60,61,22,20,58,59,22,43,35,59,60,36,0,22,61,62,24,22,59,60,24,43,36,60,61,37,0,24,62,63,26,24,60,61,26,43,37,61,62,38,0,26,63,64,28,26,61,62,28,43,38,62,63,39,0,28,64,65,30,28,62,63,30,43,39,63,64,40,0,30,65,66,32,30,63,64,32,43,40,64,65,41,0,32,66,67,34,32,64,65,34,43,41,65,66,42,0,34,67,68,36,34,65,66,36,43,42,66,67,43,0,36,68,69,38,36,66,67,38,43,43,67,68,44,0,38,69,70,40,38,67,68,40,43,44,68,69,45,0,40,70,71,42,40,68,69,42,43,45,69,70,46,0,42,71,72,44,42,69,70,44,43,46,70,71,47,0,44,72,73,46,44,70,71,46,43,47,71,48,24,0,46,73,74,48,46,71,48,1,43,48,72,73,49,0,50,75,76,51,48,72,73,49,43,49,73,74,50,0,51,76,77,52,49,73,74,50,43,50,74,75,51,0,52,77,78,53,50,74,75,51,43,51,75,76,52,0,53,78,79,54,51,75,76,52,43,52,76,77,53,0,54,79,80,55,52,76,77,53,43,53,77,78,54,0,55,80,81,56,53,77,78,54,43,54,78,79,55,0,56,81,82,57,54,78,79,55,43,55,79,80,56,0,57,82,83,58,55,79,80,56,43,56,80,81,57,0,58,83,84,59,56,80,81,57,43,57,81,82,58,0,59,84,85,60,57,81,82,58,43,58,82,83,59,0,60,85,86,61,58,82,83,59,43,59,83,84,60,0,61,86,87,62,59,83,84,60,43,60,84,85,61,0,62,87,88,63,60,84,85,61,43,61,85,86,62,0,63,88,89,64,61,85,86,62,43,62,86,87,63,0,64,89,90,65,62,86,87,63,43,63,87,88,64,0,65,90,91,66,63,87,88,64,43,64,88,89,65,0,66,91,92,67,64,88,89,65,43,65,89,90,66,0,67,92,93,68,65,89,90,66,43,66,90,91,67,0,68,93,94,69,66,90,91,67,43,67,91,92,68,0,69,94,95,70,67,91,92,68,43,68,92,93,69,0,70,95,96,71,68,92,93,69,43,69,93,94,70,0,71,96,97,72,69,93,94,70,43,70,94,95,71,0,72,97,98,73,70,94,95,71,43,71,95,72,48,0,73,98,99,74,71,95,72,48,43,72,96,97,73,0,75,100,101,76,72,96,97,73,43,73,97,98,74,0,76,101,102,77,73,97,98,74,43,74,98,99,75,0,77,102,103,78,74,98,99,75,43,75,99,100,76,0,78,103,104,79,75,99,100,76,43,76,100,101,77,0,79,104,105,80,76,100,101,77,43,77,101,102,78,0,80,105,106,81,77,101,102,78,43,78,102,103,79,0,81,106,107,82,78,102,103,79,43,79,103,104,80,0,82,107,108,83,79,103,104,80,43,80,104,105,81,0,83,108,109,84,80,104,105,81,43,81,105,106,82,0,84,109,110,85,81,105,106,82,43,82,106,107,83,0,85,110,111,86,82,106,107,83,43,83,107,108,84,0,86,111,112,87,83,107,108,84,43,84,108,109,85,0,87,112,113,88,84,108,109,85,43,85,109,110,86,0,88,113,114,89,85,109,110,86,43,86,110,111,87,0,89,114,115,90,86,110,111,87,43,87,111,112,88,0,90,115,116,91,87,111,112,88,43,88,112,113,89,0,91,116,117,92,88,112,113,89,43,89,113,114,90,0,92,117,118,93,89,113,114,90,43,90,114,115,91,0,93,118,119,94,90,114,115,91,43,91,115,116,92,0,94,119,120,95,91,115,116,92,43,92,116,117,93,0,95,120,121,96,92,116,117,93,43,93,117,118,94,0,96,121,122,97,93,117,118,94,43,94,118,119,95,0,97,122,123,98,94,118,119,95,43,95,119,96,72,0,98,123,124,99,95,119,96,72,43,96,120,121,97,0,100,125,126,101,96,120,121,97,43,97,121,122,98,0,101,126,127,102,97,121,122,98,43,98,122,123,99,0,102,127,128,103,98,122,123,99,43,99,123,124,100,0,103,128,129,104,99,123,124,100,43,100,124,125,101,0,104,129,130,105,100,124,125,101,43,101,125,126,102,0,105,130,131,106,101,125,126,102,43,102,126,127,103,0,106,131,132,107,102,126,127,103,43,103,127,128,104,0,107,132,133,108,103,127,128,104,43,104,128,129,105,0,108,133,134,109,104,128,129,105,43,105,129,130,106,0,109,134,135,110,105,129,130,106,43,106,130,131,107,0,110,135,136,111,106,130,131,107,43,107,131,132,108,0,111,136,137,112,107,131,132,108,43,108,132,133,109,0,112,137,138,113,108,132,133,109,43,109,133,134,110,0,113,138,139,114,109,133,134,110,43,110,134,135,111,0,114,139,140,115,110,134,135,111,43,111,135,136,112,0,115,140,141,116,111,135,136,112,43,112,136,137,113,0,116,141,142,117,112,136,137,113,43,113,137,138,114,0,117,142,143,118,113,137,138,114,43,114,138,139,115,0,118,143,144,119,114,138,139,115,43,115,139,140,116,0,119,144,145,120,115,139,140,116,43,116,140,141,117,0,120,145,146,121,116,140,141,117,43,117,141,142,118,0,121,146,147,122,117,141,142,118,43,118,142,143,119,0,122,147,148,123,118,142,143,119,43,119,143,120,96,0,123,148,149,124,119,143,120,96,43,120,144,145,121,0,125,150,151,126,120,25,144,121,43,121,145,146,122,0,126,151,152,127,121,144,145,122,43,122,146,147,123,0,127,152,153,128,122,145,146,123,43,123,147,148,124,0,128,153,154,129,123,146,147,124,43,124,148,149,125,0,129,154,155,130,124,147,148,125,43,125,149,150,126,0,130,155,156,131,125,148,149,126,43,126,150,151,127,0,131,156,157,132,126,149,150,127,43,127,151,152,128,0,132,157,158,133,127,150,151,128,43,128,152,153,129,0,133,158,159,134,128,151,152,129,43,129,153,154,130,0,134,159,160,135,129,152,153,130,43,130,154,155,131,0,135,160,161,136,130,153,154,131,43,131,155,156,132,0,136,161,162,137,131,154,0,132,43,132,156,157,133,0,137,162,163,138,132,0,155,133,43,133,157,158,134,0,138,163,164,139,133,155,156,134,43,134,158,159,135,0,139,164,165,140,134,156,157,135,43,135,159,160,136,0,140,165,166,141,135,157,158,136,43,136,160,161,137,0,141,166,167,142,136,158,159,137,43,137,161,162,138,0,142,167,168,143,137,159,160,138,43,138,162,163,139,0,143,168,169,144,138,160,161,139,43,139,163,164,140,0,144,169,170,145,139,161,162,140,43,140,164,165,141,0,145,170,171,146,140,162,163,141,43,141,165,166,142,0,146,171,172,147,141,163,164,142,43,142,166,167,143,0,147,172,173,148,142,164,165,143,43,143,167,144,120,0,148,173,174,149,143,165,25,120,43,144,168,169,145,0,150,175,176,151,25,166,167,144,43,145,169,170,146,0,151,176,177,152,144,167,168,145,43,146,170,171,147,0,152,177,178,153,145,168,169,146,43,147,171,172,148,0,153,178,179,154,146,169,170,147,43,148,172,173,149,0,154,179,180,155,147,170,171,148,43,149,173,174,150,0,155,180,181,156,148,171,172,149,43,150,174,175,151,0,156,181,182,157,149,172,173,150,43,151,175,176,152,0,157,182,183,158,150,173,174,151,43,152,176,177,153,0,158,183,184,159,151,174,175,152,43,153,177,178,154,0,159,184,185,160,152,175,176,153,43,154,178,179,155,0,160,185,186,161,153,176,177,154,43,155,179,180,156,0,161,186,187,162,154,177,178,0,43,156,180,181,157,0,162,187,188,163,0,178,179,155,43,157,181,182,158,0,163,188,189,164,155,179,180,156,43,158,182,183,159,0,164,189,190,165,156,180,181,157,43,159,183,184,160,0,165,190,191,166,157,181,182,158,43,160,184,185,161,0,166,191,192,167,158,182,183,159,43,161,185,186,162,0,167,192,193,168,159,183,184,160,43,162,186,187,163,0,168,193,194,169,160,184,185,161,43,163,187,188,164,0,169,194,195,170,161,185,186,162,43,164,188,189,165,0,170,195,196,171,162,186,187,163,43,165,189,190,166,0,171,196,197,172,163,187,188,164,43,166,190,191,167,0,172,197,198,173,164,188,189,165,43,167,191,168,144,0,173,198,199,174,165,189,166,25,43,168,192,193,169,0,175,200,201,176,166,190,191,167,43,169,193,194,170,0,176,201,202,177,167,191,192,168,43,170,194,195,171,0,177,202,203,178,168,192,193,169,43,171,195,196,172,0,178,203,204,179,169,193,194,170,43,172,196,197,173,0,179,204,205,180,170,194,195,171,43,173,197,198,174,0,180,205,206,181,171,195,196,172,43,174,198,199,175,0,181,206,207,182,172,196,197,173,43,175,199,200,176,0,182,207,208,183,173,197,198,174,43,176,200,201,177,0,183,208,209,184,174,198,199,175,43,177,201,202,178,0,184,209,210,185,175,199,200,176,43,178,202,203,179,0,185,210,211,186,176,200,201,177,43,179,203,204,180,0,186,211,212,187,177,201,202,178,43,180,204,205,181,0,187,212,213,188,178,202,203,179,43,181,205,206,182,0,188,213,214,189,179,203,204,180,43,182,206,207,183,0,189,214,215,190,180,204,205,181,43,183,207,208,184,0,190,215,216,191,181,205,206,182,43,184,208,209,185,0,191,216,217,192,182,206,207,183,43,185,209,210,186,0,192,217,218,193,183,207,208,184,43,186,210,211,187,0,193,218,219,194,184,208,209,185,43,187,211,212,188,0,194,219,220,195,185,209,210,186,43,188,212,213,189,0,195,220,221,196,186,210,211,187,43,189,213,214,190,0,196,221,222,197,187,211,212,188,43,190,214,215,191,0,197,222,223,198,188,212,213,189,43,191,215,192,168,0,198,223,224,199,189,213,190,166,43,192,216,217,193,0,200,225,226,201,190,214,215,191,43,193,217,218,194,0,201,226,227,202,191,215,216,192,43,194,218,219,195,0,202,227,228,203,192,216,217,193,43,195,219,220,196,0,203,228,229,204,193,217,218,194,43,196,220,221,197,0,204,229,230,205,194,218,219,195,43,197,221,222,198,0,205,230,231,206,195,219,220,196,43,198,222,223,199,0,206,231,232,207,196,220,221,197,43,199,223,224,200,0,207,232,233,208,197,221,222,198,43,200,224,225,201,0,208,233,234,209,198,222,223,199,43,201,225,226,202,0,209,234,235,210,199,223,224,200,43,202,226,227,203,0,210,235,236,211,200,224,225,201,43,203,227,228,204,0,211,236,237,212,201,225,226,202,43,204,228,229,205,0,212,237,238,213,202,226,227,203,43,205,229,230,206,0,213,238,239,214,203,227,228,204,43,206,230,231,207,0,214,239,240,215,204,228,229,205,43,207,231,232,208,0,215,240,241,216,205,229,230,206,43,208,232,233,209,0,216,241,242,217,206,230,231,207,43,209,233,234,210,0,217,242,243,218,207,231,232,208,43,210,234,235,211,0,218,243,244,219,208,232,233,209,43,211,235,236,212,0,219,244,245,220,209,233,234,210,43,212,236,237,213,0,220,245,246,221,210,234,235,211,43,213,237,238,214,0,221,246,247,222,211,235,236,212,43,214,238,239,215,0,222,247,248,223,212,236,237,213,43,215,239,216,192,0,223,248,249,224,213,237,214,190,43,216,240,241,217,0,225,250,251,226,214,238,239,215,43,217,241,242,218,0,226,251,252,227,215,239,240,216,43,218,242,243,219,0,227,252,253,228,216,240,241,217,43,219,243,244,220,0,228,253,254,229,217,241,242,218,43,220,244,245,221,0,229,254,255,230,218,242,243,219,43,221,245,246,222,0,230,255,256,231,219,243,244,220,43,222,246,247,223,0,231,256,257,232,220,244,245,221,43,223,247,248,224,0,232,257,258,233,221,245,246,222,43,224,248,249,225,0,233,258,259,234,222,246,247,223,43,225,249,250,226,0,234,259,260,235,223,247,248,224,43,226,250,251,227,0,235,260,261,236,224,248,249,225,43,227,251,252,228,0,236,261,262,237,225,249,250,226,43,228,252,253,229,0,237,262,263,238,226,250,251,227,43,229,253,254,230,0,238,263,264,239,227,251,252,228,43,230,254,255,231,0,239,264,265,240,228,252,253,229,43,231,255,256,232,0,240,265,266,241,229,253,254,230,43,232,256,257,233,0,241,266,267,242,230,254,255,231,43,233,257,258,234,0,242,267,268,243,231,255,256,232,43,234,258,259,235,0,243,268,269,244,232,256,257,233,43,235,259,260,236,0,244,269,270,245,233,257,258,234,43,236,260,261,237,0,245,270,271,246,234,258,259,235,43,237,261,262,238,0,246,271,272,247,235,259,260,236,43,238,262,263,239,0,247,272,273,248,236,260,261,237,43,239,263,240,216,0,248,273,274,249,237,261,238,214,43,240,264,265,241,0,250,275,276,251,238,262,263,239,43,241,265,266,242,0,251,276,277,252,239,263,264,240,43,242,266,267,243,0,252,277,278,253,240,264,265,241,43,243,267,268,244,0,253,278,279,254,241,265,266,242,43,244,268,269,245,0,254,279,280,255,242,266,267,243,43,245,269,270,246,0,255,280,281,256,243,267,268,244,43,246,270,271,247,0,256,281,282,257,244,268,269,245,43,247,271,272,248,0,257,282,283,258,245,269,270,246,43,248,272,273,249,0,258,283,284,259,246,270,271,247,43,249,273,274,250,0,259,284,285,260,247,271,272,248,43,250,274,275,251,0,260,285,286,261,248,272,273,249,43,251,275,276,252,0,261,286,287,262,249,273,274,250,43,252,276,277,253,0,262,287,288,263,250,274,275,251,43,253,277,278,254,0,263,288,289,264,251,275,276,252,43,254,278,279,255,0,264,289,290,265,252,276,277,253,43,255,279,280,256,0,265,290,291,266,253,277,278,254,43,256,280,281,257,0,266,291,292,267,254,278,279,255,43,257,281,282,258,0,267,292,293,268,255,279,280,256,43,258,282,283,259,0,268,293,294,269,256,280,281,257,43,259,283,284,260,0,269,294,295,270,257,281,282,258,43,260,284,285,261,0,270,295,296,271,258,282,283,259,43,261,285,286,262,0,271,296,297,272,259,283,284,260,43,262,286,287,263,0,272,297,298,273,260,284,285,261,43,263,287,264,240,0,273,298,299,274,261,285,262,238,43,264,0,1,265,0,275,300,301,276,262,0,3,263,43,265,1,2,266,0,276,301,302,277,263,3,5,264,43,266,2,3,267,0,277,302,303,278,264,5,7,265,43,267,3,4,268,0,278,303,304,279,265,7,9,266,43,268,4,5,269,0,279,304,305,280,266,9,11,267,43,269,5,6,270,0,280,305,306,281,267,11,13,268,43,270,6,7,271,0,281,306,307,282,268,13,15,269,43,271,7,8,272,0,282,307,308,283,269,15,17,270,43,272,8,9,273,0,283,308,309,284,270,17,19,271,43,273,9,10,274,0,284,309,310,285,271,19,21,272,43,274,10,11,275,0,285,310,311,286,272,21,23,273,43,275,11,12,276,0,286,311,312,287,273,23,25,274,43,276,12,13,277,0,287,312,313,288,274,25,27,275,43,277,13,14,278,0,288,313,314,289,275,27,29,276,43,278,14,15,279,0,289,314,315,290,276,29,31,277,43,279,15,16,280,0,290,315,316,291,277,31,33,278,43,280,16,17,281,0,291,316,317,292,278,33,35,279,43,281,17,18,282,0,292,317,318,293,279,35,37,280,43,282,18,19,283,0,293,318,319,294,280,37,39,281,43,283,19,20,284,0,294,319,320,295,281,39,41,282,43,284,20,21,285,0,295,320,321,296,282,41,43,283,43,285,21,22,286,0,296,321,322,297,283,43,45,284,43,286,22,23,287,0,297,322,323,298,284,45,47,285,43,0,264,287,23,0,324,299,298,323,0,262,285,47],
            "skinWeights": [],
            "name": "TorusGeometry",
            "influencesPerVertex": 2,
            "normals": [1,0,0,0.866115,-0.499832,0,0.837581,-0.483779,-0.253731,0.967254,0,-0.2537,0.754662,-0.435469,-0.490707,0.871151,0,-0.490951,0.621265,-0.358989,-0.696493,0.71749,0,-0.696524,0.447035,-0.257912,-0.856502,0.516343,0,-0.85638,0.241493,-0.139317,-0.960326,0.278909,0,-0.960295,0.018891,-0.010956,-0.999756,0.02179,0,-0.999756,-0.206397,0.119297,-0.971129,-0.238441,0,-0.971129,-0.418744,0.241585,-0.875362,-0.483718,0,-0.87521,-0.602771,0.347942,-0.71804,-0.695975,0,-0.71804,-0.74517,0.43025,-0.509445,-0.860317,0,-0.50972,-0.834925,0.481979,-0.265572,-0.964141,0,-0.265328,-0.865932,0.500137,0,-1,0,0,-0.834925,0.481979,0.265572,-0.964141,0,0.265328,-0.74517,0.43025,0.509445,-0.860317,0,0.50972,-0.602771,0.347942,0.71804,-0.695975,0,0.71804,-0.418744,0.241585,0.875362,-0.483718,0,0.87521,-0.206397,0.119297,0.971129,-0.238441,0,0.971129,0.018891,-0.010956,0.999756,0.02179,0,0.999756,0.241493,-0.139317,0.960326,0.278909,0,0.960295,0.447035,-0.257912,0.856502,0.516343,0,0.85638,0.621265,-0.358989,0.696463,0.71749,0,0.696524,0.754662,-0.435469,0.490707,0.871151,0,0.490951,0.837581,-0.483779,0.253731,0.967254,0,0.2537,0.499832,-0.866115,0,0.483779,-0.837581,-0.253731,0.435469,-0.754662,-0.490707,0.358989,-0.621296,-0.696463,0.257912,-0.447035,-0.856502,0.139317,-0.241493,-0.960326,0.010956,-0.018891,-0.999756,-0.119297,0.206397,-0.971129,-0.241585,0.418744,-0.875362,-0.347942,0.602771,-0.718009,-0.43025,0.74517,-0.509445,-0.482009,0.834925,-0.265572,-0.500137,0.865932,0,-0.482009,0.834925,0.265572,-0.43025,0.74517,0.509445,-0.347942,0.602771,0.718009,-0.241585,0.418744,0.875362,-0.119297,0.206397,0.971129,0.010956,-0.018891,0.999756,0.139317,-0.241493,0.960326,0.257912,-0.447035,0.856502,0.358989,-0.621296,0.696463,0.435469,-0.754662,0.490707,0.483779,-0.837581,0.253731,0,-1,0,0,-0.967254,-0.253731,0,-0.871151,-0.490951,0,-0.71749,-0.696524,0,-0.516312,-0.85638,0,-0.278909,-0.960295,0,-0.02179,-0.999756,0,0.238441,-0.971129,0,0.483688,-0.87521,0,0.695975,-0.71804,0,0.860317,-0.50972,0,0.964141,-0.265328,0,0.999969,0,0,0.964141,0.265328,0,0.860317,0.50972,0,0.695975,0.71804,0,0.483688,0.87521,0,0.238441,0.971129,0,-0.02179,0.999756,0,-0.278909,0.960295,0,-0.516312,0.85638,0,-0.71749,0.696524,0,-0.871151,0.490951,0,-0.967254,0.253731,-0.499832,-0.866115,0,-0.483779,-0.837581,-0.253731,-0.435469,-0.754662,-0.490707,-0.358989,-0.621296,-0.696463,-0.257912,-0.447035,-0.856502,-0.139317,-0.241493,-0.960326,-0.010956,-0.018891,-0.999756,0.119297,0.206397,-0.971129,0.241585,0.418744,-0.875362,0.347942,0.602771,-0.718009,0.43025,0.74517,-0.509445,0.482009,0.834925,-0.265572,0.500137,0.865932,0,0.482009,0.834925,0.265572,0.43025,0.74517,0.509445,0.347942,0.602771,0.718009,0.241585,0.418744,0.875362,0.119297,0.206397,0.971129,-0.010956,-0.018891,0.999756,-0.139317,-0.241493,0.960326,-0.257912,-0.447035,0.856502,-0.358989,-0.621296,0.696463,-0.435469,-0.754662,0.490707,-0.483779,-0.837581,0.253731,-0.866115,-0.499832,0,-0.837581,-0.483779,-0.253731,-0.754662,-0.435469,-0.490707,-0.621265,-0.358989,-0.696493,-0.447035,-0.257912,-0.856502,-0.241493,-0.139317,-0.960326,-0.01886,-0.010956,-0.999756,0.206397,0.119297,-0.971129,0.418744,0.241585,-0.875362,0.602771,0.347942,-0.71804,0.74517,0.43025,-0.509445,0.834925,0.481979,-0.265572,0.865932,0.500137,0,0.834925,0.481979,0.265572,0.74517,0.43025,0.509445,0.602771,0.347942,0.71804,0.418744,0.241585,0.875362,0.206397,0.119297,0.971129,-0.01886,-0.010956,0.999756,-0.241493,-0.139317,0.960326,-0.447035,-0.257912,0.856502,-0.621265,-0.358989,0.696463,-0.754662,-0.435469,0.490707,-0.837581,-0.483779,0.253731,-0.967254,0,-0.2537,-0.871151,0,-0.490951,-0.71749,0,-0.696524,-0.516343,0,-0.85638,-0.278909,0,-0.960295,-0.02179,0,-0.999756,0.238441,0,-0.971129,0.483718,0,-0.87521,0.695975,0,-0.71804,0.860317,0,-0.50972,0.964141,0,-0.265328,0.964141,0,0.265328,0.860317,0,0.50972,0.695975,0,0.71804,0.483718,0,0.87521,0.238441,0,0.971129,-0.02179,0,0.999756,-0.278909,0,0.960295,-0.516343,0,0.85638,-0.71749,0,0.696524,-0.871151,0,0.490951,-0.967254,0,0.2537,-0.866115,0.499832,0,-0.837581,0.483779,-0.253731,-0.754662,0.435469,-0.490707,-0.621265,0.358989,-0.696493,-0.447035,0.257912,-0.856502,-0.241493,0.139317,-0.960326,-0.018891,0.010956,-0.999756,0.206397,-0.119297,-0.971129,0.418744,-0.241585,-0.875362,0.602771,-0.347942,-0.71804,0.74517,-0.43025,-0.509445,0.834925,-0.481979,-0.265572,0.865932,-0.500137,0,0.834925,-0.481979,0.265572,0.74517,-0.43025,0.509445,0.602771,-0.347942,0.71804,0.418744,-0.241585,0.875362,0.206397,-0.119297,0.971129,-0.018891,0.010956,0.999756,-0.241493,0.139317,0.960326,-0.447035,0.257912,0.856502,-0.621265,0.358989,0.696463,-0.754662,0.435469,0.490707,-0.837581,0.483779,0.253731,-0.499832,0.866115,0,-0.483779,0.837581,-0.253731,-0.435469,0.754662,-0.490707,-0.358989,0.621296,-0.696463,-0.257912,0.447035,-0.856502,-0.139317,0.241493,-0.960326,-0.010956,0.018891,-0.999756,0.119297,-0.206397,-0.971129,0.241585,-0.418744,-0.875362,0.347942,-0.602771,-0.718009,0.43025,-0.74517,-0.509445,0.482009,-0.834925,-0.265572,0.500137,-0.865932,0,0.482009,-0.834925,0.265572,0.43025,-0.74517,0.509445,0.347942,-0.602771,0.718009,0.241585,-0.418744,0.875362,0.119297,-0.206397,0.971129,-0.010956,0.018891,0.999756,-0.139317,0.241493,0.960326,-0.257912,0.447035,0.856502,-0.358989,0.621296,0.696463,-0.435469,0.754662,0.490707,-0.483779,0.837581,0.253731,0,1,0,0,0.967254,-0.253731,0,0.871151,-0.490951,0,0.71749,-0.696524,0,0.516312,-0.85638,0,0.278909,-0.960295,0,0.02179,-0.999756,0,-0.238441,-0.971129,0,-0.483688,-0.87521,0,-0.695975,-0.71804,0,-0.860317,-0.50972,0,-0.964141,-0.265328,0,-0.999969,0,0,-0.964141,0.265328,0,-0.860317,0.50972,0,-0.695975,0.71804,0,-0.483688,0.87521,0,-0.238441,0.971129,0,0.02179,0.999756,0,0.278909,0.960295,0,0.516312,0.85638,0,0.71749,0.696524,0,0.871151,0.490951,0,0.967254,0.253731,0.499832,0.866115,0,0.483779,0.837581,-0.253731,0.435469,0.754662,-0.490707,0.358989,0.621296,-0.696463,0.257912,0.447035,-0.856502,0.139317,0.241493,-0.960326,0.010956,0.018891,-0.999756,-0.119297,-0.206397,-0.971129,-0.241585,-0.418744,-0.875362,-0.347942,-0.602771,-0.718009,-0.43025,-0.74517,-0.509445,-0.482009,-0.834925,-0.265572,-0.500137,-0.865932,0,-0.482009,-0.834925,0.265572,-0.43025,-0.74517,0.509445,-0.347942,-0.602771,0.718009,-0.241585,-0.418744,0.875362,-0.119297,-0.206397,0.971129,0.010956,0.018891,0.999756,0.139317,0.241493,0.960326,0.257912,0.447035,0.856502,0.358989,0.621296,0.696463,0.435469,0.754662,0.490707,0.483779,0.837581,0.253731,0.866115,0.499832,0,0.837581,0.483779,-0.253731,0.754662,0.435469,-0.490707,0.621265,0.358989,-0.696493,0.447035,0.257912,-0.856502,0.241493,0.139317,-0.960326,0.01886,0.010956,-0.999756,-0.206397,-0.119297,-0.971129,-0.418744,-0.241585,-0.875362,-0.602771,-0.347942,-0.71804,-0.74517,-0.43025,-0.509445,-0.834925,-0.481979,-0.265572,-0.865932,-0.500137,0,-0.834925,-0.481979,0.265572,-0.74517,-0.43025,0.509445,-0.602771,-0.347942,0.71804,-0.418744,-0.241585,0.875362,-0.206397,-0.119297,0.971129,0.01886,0.010956,0.999756,0.241493,0.139317,0.960326,0.447035,0.257912,0.856502,0.621265,0.358989,0.696463,0.754662,0.435469,0.490707,0.837581,0.483779,0.253731],
            "vertices": [6.1,0,0,6.0966,-0,-0.0259,6.0866,-0,-0.05,6.0707,-0,-0.0707,6.05,-0,-0.0866,6.0259,-0,-0.0966,6,-0,-0.1,5.9741,-0,-0.0966,5.95,-0,-0.0866,5.9293,-0,-0.0707,5.9134,-0,-0.05,5.9034,-0,-0.0259,5.9,0,0,5.9034,0,0.0259,5.9134,0,0.05,5.9293,0,0.0707,5.95,0,0.0866,5.9741,0,0.0966,6,0,0.1,6.0259,0,0.0966,6.05,0,0.0866,6.0707,0,0.0707,6.0866,0,0.05,6.0966,0,0.0259,5.2828,-3.05,0,5.2798,-3.0483,-0.0259,5.2712,-3.0433,-0.05,5.2574,-3.0354,-0.0707,5.2395,-3.025,-0.0866,5.2186,-3.0129,-0.0966,5.1962,-3,-0.1,5.1737,-2.9871,-0.0966,5.1529,-2.975,-0.0866,5.1349,-2.9646,-0.0707,5.1212,-2.9567,-0.05,5.1125,-2.9517,-0.0259,5.1095,-2.95,0,5.1125,-2.9517,0.0259,5.1212,-2.9567,0.05,5.1349,-2.9646,0.0707,5.1529,-2.975,0.0866,5.1737,-2.9871,0.0966,5.1962,-3,0.1,5.2186,-3.0129,0.0966,5.2395,-3.025,0.0866,5.2574,-3.0354,0.0707,5.2712,-3.0433,0.05,5.2798,-3.0483,0.0259,3.05,-5.2828,0,3.0483,-5.2798,-0.0259,3.0433,-5.2712,-0.05,3.0354,-5.2574,-0.0707,3.025,-5.2395,-0.0866,3.0129,-5.2186,-0.0966,3,-5.1962,-0.1,2.9871,-5.1737,-0.0966,2.975,-5.1529,-0.0866,2.9646,-5.1349,-0.0707,2.9567,-5.1212,-0.05,2.9517,-5.1125,-0.0259,2.95,-5.1095,0,2.9517,-5.1125,0.0259,2.9567,-5.1212,0.05,2.9646,-5.1349,0.0707,2.975,-5.1529,0.0866,2.9871,-5.1737,0.0966,3,-5.1962,0.1,3.0129,-5.2186,0.0966,3.025,-5.2395,0.0866,3.0354,-5.2574,0.0707,3.0433,-5.2712,0.05,3.0483,-5.2798,0.0259,0,-6.1,0,0,-6.0966,-0.0259,0,-6.0866,-0.05,0,-6.0707,-0.0707,0,-6.05,-0.0866,0,-6.0259,-0.0966,0,-6,-0.1,0,-5.9741,-0.0966,0,-5.95,-0.0866,0,-5.9293,-0.0707,0,-5.9134,-0.05,0,-5.9034,-0.0259,0,-5.9,0,0,-5.9034,0.0259,0,-5.9134,0.05,0,-5.9293,0.0707,0,-5.95,0.0866,0,-5.9741,0.0966,0,-6,0.1,0,-6.0259,0.0966,0,-6.05,0.0866,0,-6.0707,0.0707,0,-6.0866,0.05,0,-6.0966,0.0259,-3.05,-5.2828,0,-3.0483,-5.2798,-0.0259,-3.0433,-5.2712,-0.05,-3.0354,-5.2574,-0.0707,-3.025,-5.2395,-0.0866,-3.0129,-5.2186,-0.0966,-3,-5.1962,-0.1,-2.9871,-5.1737,-0.0966,-2.975,-5.1529,-0.0866,-2.9646,-5.1349,-0.0707,-2.9567,-5.1212,-0.05,-2.9517,-5.1125,-0.0259,-2.95,-5.1095,0,-2.9517,-5.1125,0.0259,-2.9567,-5.1212,0.05,-2.9646,-5.1349,0.0707,-2.975,-5.1529,0.0866,-2.9871,-5.1737,0.0966,-3,-5.1962,0.1,-3.0129,-5.2186,0.0966,-3.025,-5.2395,0.0866,-3.0354,-5.2574,0.0707,-3.0433,-5.2712,0.05,-3.0483,-5.2798,0.0259,-5.2828,-3.05,0,-5.2798,-3.0483,-0.0259,-5.2712,-3.0433,-0.05,-5.2574,-3.0354,-0.0707,-5.2395,-3.025,-0.0866,-5.2186,-3.0129,-0.0966,-5.1962,-3,-0.1,-5.1737,-2.9871,-0.0966,-5.1529,-2.975,-0.0866,-5.1349,-2.9646,-0.0707,-5.1212,-2.9567,-0.05,-5.1125,-2.9517,-0.0259,-5.1095,-2.95,0,-5.1125,-2.9517,0.0259,-5.1212,-2.9567,0.05,-5.1349,-2.9646,0.0707,-5.1529,-2.975,0.0866,-5.1737,-2.9871,0.0966,-5.1962,-3,0.1,-5.2186,-3.0129,0.0966,-5.2395,-3.025,0.0866,-5.2574,-3.0354,0.0707,-5.2712,-3.0433,0.05,-5.2798,-3.0483,0.0259,-6.1,0,0,-6.0966,-0,-0.0259,-6.0866,-0,-0.05,-6.0707,-0,-0.0707,-6.05,-0,-0.0866,-6.0259,-0,-0.0966,-6,-0,-0.1,-5.9741,-0,-0.0966,-5.95,-0,-0.0866,-5.9293,-0,-0.0707,-5.9134,-0,-0.05,-5.9034,-0,-0.0259,-5.9,0,0,-5.9034,0,0.0259,-5.9134,0,0.05,-5.9293,0,0.0707,-5.95,0,0.0866,-5.9741,0,0.0966,-6,0,0.1,-6.0259,0,0.0966,-6.05,0,0.0866,-6.0707,0,0.0707,-6.0866,0,0.05,-6.0966,0,0.0259,-5.2828,3.05,-0,-5.2798,3.0483,-0.0259,-5.2712,3.0433,-0.05,-5.2574,3.0354,-0.0707,-5.2395,3.025,-0.0866,-5.2186,3.0129,-0.0966,-5.1962,3,-0.1,-5.1737,2.9871,-0.0966,-5.1529,2.975,-0.0866,-5.1349,2.9646,-0.0707,-5.1212,2.9567,-0.05,-5.1125,2.9517,-0.0259,-5.1095,2.95,-0,-5.1125,2.9517,0.0259,-5.1212,2.9567,0.05,-5.1349,2.9646,0.0707,-5.1529,2.975,0.0866,-5.1737,2.9871,0.0966,-5.1962,3,0.1,-5.2186,3.0129,0.0966,-5.2395,3.025,0.0866,-5.2574,3.0354,0.0707,-5.2712,3.0433,0.05,-5.2798,3.0483,0.0259,-3.05,5.2828,-0,-3.0483,5.2798,-0.0259,-3.0433,5.2712,-0.05,-3.0354,5.2574,-0.0707,-3.025,5.2395,-0.0866,-3.0129,5.2186,-0.0966,-3,5.1962,-0.1,-2.9871,5.1737,-0.0966,-2.975,5.1529,-0.0866,-2.9646,5.1349,-0.0707,-2.9567,5.1212,-0.05,-2.9517,5.1125,-0.0259,-2.95,5.1095,-0,-2.9517,5.1125,0.0259,-2.9567,5.1212,0.05,-2.9646,5.1349,0.0707,-2.975,5.1529,0.0866,-2.9871,5.1737,0.0966,-3,5.1962,0.1,-3.0129,5.2186,0.0966,-3.025,5.2395,0.0866,-3.0354,5.2574,0.0707,-3.0433,5.2712,0.05,-3.0483,5.2798,0.0259,0,6.1,-0,0,6.0966,-0.0259,0,6.0866,-0.05,0,6.0707,-0.0707,0,6.05,-0.0866,0,6.0259,-0.0966,0,6,-0.1,0,5.9741,-0.0966,0,5.95,-0.0866,0,5.9293,-0.0707,0,5.9134,-0.05,0,5.9034,-0.0259,0,5.9,-0,0,5.9034,0.0259,0,5.9134,0.05,0,5.9293,0.0707,0,5.95,0.0866,0,5.9741,0.0966,0,6,0.1,0,6.0259,0.0966,0,6.05,0.0866,0,6.0707,0.0707,0,6.0866,0.05,0,6.0966,0.0259,3.05,5.2828,-0,3.0483,5.2798,-0.0259,3.0433,5.2712,-0.05,3.0354,5.2574,-0.0707,3.025,5.2395,-0.0866,3.0129,5.2186,-0.0966,3,5.1962,-0.1,2.9871,5.1737,-0.0966,2.975,5.1529,-0.0866,2.9646,5.1349,-0.0707,2.9567,5.1212,-0.05,2.9517,5.1125,-0.0259,2.95,5.1095,-0,2.9517,5.1125,0.0259,2.9567,5.1212,0.05,2.9646,5.1349,0.0707,2.975,5.1529,0.0866,2.9871,5.1737,0.0966,3,5.1962,0.1,3.0129,5.2186,0.0966,3.025,5.2395,0.0866,3.0354,5.2574,0.0707,3.0433,5.2712,0.05,3.0483,5.2798,0.0259,5.2828,3.05,-0,5.2798,3.0483,-0.0259,5.2712,3.0433,-0.05,5.2574,3.0354,-0.0707,5.2395,3.025,-0.0866,5.2186,3.0129,-0.0966,5.1962,3,-0.1,5.1737,2.9871,-0.0966,5.1529,2.975,-0.0866,5.1349,2.9646,-0.0707,5.1212,2.9567,-0.05,5.1125,2.9517,-0.0259,5.1095,2.95,-0,5.1125,2.9517,0.0259,5.1212,2.9567,0.05,5.1349,2.9646,0.0707,5.1529,2.975,0.0866,5.1737,2.9871,0.0966,5.1962,3,0.1,5.2186,3.0129,0.0966,5.2395,3.025,0.0866,5.2574,3.0354,0.0707,5.2712,3.0433,0.05,5.2798,3.0483,0.0259],
            "skinIndices": [],
            "metadata": {
                "bones": 0,
                "faces": 288,
                "normals": 286,
                "generator": "io_three",
                "morphTargets": 0,
                "uvs": 1,
                "materials": 1,
                "version": 3,
                "vertices": 288
            },
            "animations": [],
            "uvs": [[1,1,0.916667,1,0.916667,0.958333,1,0.958333,0.916667,0.916667,1,0.916667,0.916667,0.875,1,0.875,0.916667,0.833333,1,0.833333,0.916667,0.791667,1,0.791667,0.916667,0.75,1,0.75,0.916667,0.708333,1,0.708333,0.916667,0.666667,1,0.666667,0.916667,0.625,1,0.625,0.916667,0.583333,1,0.583333,0.916667,0.541667,1,0.541667,0.916667,0.5,1,0.5,0.916667,0.458333,1,0.458333,0.916667,0.416667,1,0.416667,0.916667,0.375,1,0.375,0.916667,0.333333,1,0.333333,0.916667,0.291667,1,0.291667,0.916667,0.25,1,0.25,0.916667,0.208333,1,0.208333,0.916667,0.166667,1,0.166667,0.916667,0.125,1,0.125,0.916667,0.083333,1,0.083333,0.916667,0.041667,1,0.041667,0.916667,0,1,0,0.833333,1,0.833333,0.958333,0.833333,0.916667,0.833333,0.875,0.833333,0.833333,0.833333,0.791667,0.833333,0.75,0.833333,0.708333,0.833333,0.666667,0.833333,0.625,0.833333,0.583333,0.833333,0.541667,0.833333,0.5,0.833333,0.458333,0.833333,0.416667,0.833333,0.375,0.833333,0.333333,0.833333,0.291667,0.833333,0.25,0.833333,0.208333,0.833333,0.166667,0.833333,0.125,0.833333,0.083333,0.833333,0.041667,0.833333,0,0.75,1,0.75,0.958333,0.75,0.916667,0.75,0.875,0.75,0.833333,0.75,0.791667,0.75,0.75,0.75,0.708333,0.75,0.666667,0.75,0.625,0.75,0.583333,0.75,0.541667,0.75,0.5,0.75,0.458333,0.75,0.416667,0.75,0.375,0.75,0.333333,0.75,0.291667,0.75,0.25,0.75,0.208333,0.75,0.166667,0.75,0.125,0.75,0.083333,0.75,0.041667,0.75,0,0.666667,1,0.666667,0.958333,0.666667,0.916667,0.666667,0.875,0.666667,0.833333,0.666667,0.791667,0.666667,0.75,0.666667,0.708333,0.666667,0.666667,0.666667,0.625,0.666667,0.583333,0.666667,0.541667,0.666667,0.5,0.666667,0.458333,0.666667,0.416667,0.666667,0.375,0.666667,0.333333,0.666667,0.291667,0.666667,0.25,0.666667,0.208333,0.666667,0.166667,0.666667,0.125,0.666667,0.083333,0.666667,0.041667,0.666667,0,0.583333,1,0.583333,0.958333,0.583333,0.916667,0.583333,0.875,0.583333,0.833333,0.583333,0.791667,0.583333,0.75,0.583333,0.708333,0.583333,0.666667,0.583333,0.625,0.583333,0.583333,0.583333,0.541667,0.583333,0.5,0.583333,0.458333,0.583333,0.416667,0.583333,0.375,0.583333,0.333333,0.583333,0.291667,0.583333,0.25,0.583333,0.208333,0.583333,0.166667,0.583333,0.125,0.583333,0.083333,0.583333,0.041667,0.583333,0,0.5,1,0.5,0.958333,0.5,0.916667,0.5,0.875,0.5,0.833333,0.5,0.791667,0.5,0.75,0.5,0.708333,0.5,0.666667,0.5,0.625,0.5,0.583333,0.5,0.541667,0.5,0.5,0.5,0.458333,0.5,0.416667,0.5,0.375,0.5,0.333333,0.5,0.291667,0.5,0.25,0.5,0.208333,0.5,0.166667,0.5,0.125,0.5,0.083333,0.5,0.041667,0.5,0,0.416667,1,0.416667,0.958333,0.416667,0.916667,0.416667,0.875,0.416667,0.833333,0.416667,0.791667,0.416667,0.75,0.416667,0.708333,0.416667,0.666667,0.416667,0.625,0.416667,0.583333,0.416667,0.541667,0.416667,0.5,0.416667,0.458333,0.416667,0.416667,0.416667,0.375,0.416667,0.333333,0.416667,0.291667,0.416667,0.25,0.416667,0.208333,0.416667,0.166667,0.416667,0.125,0.416667,0.083333,0.416667,0.041667,0.416667,0,0.333333,1,0.333333,0.958333,0.333333,0.916667,0.333333,0.875,0.333333,0.833333,0.333333,0.791667,0.333333,0.75,0.333333,0.708333,0.333333,0.666667,0.333333,0.625,0.333333,0.583333,0.333333,0.541667,0.333333,0.5,0.333333,0.458333,0.333333,0.416667,0.333333,0.375,0.333333,0.333333,0.333333,0.291667,0.333333,0.25,0.333333,0.208333,0.333333,0.166667,0.333333,0.125,0.333333,0.083333,0.333333,0.041667,0.333333,0,0.25,1,0.25,0.958333,0.25,0.916667,0.25,0.875,0.25,0.833333,0.25,0.791667,0.25,0.75,0.25,0.708333,0.25,0.666667,0.25,0.625,0.25,0.583333,0.25,0.541667,0.25,0.5,0.25,0.458333,0.25,0.416667,0.25,0.375,0.25,0.333333,0.25,0.291667,0.25,0.25,0.25,0.208333,0.25,0.166667,0.25,0.125,0.25,0.083333,0.25,0.041667,0.25,0,0.166667,1,0.166667,0.958333,0.166667,0.916667,0.166667,0.875,0.166667,0.833333,0.166667,0.791667,0.166667,0.75,0.166667,0.708333,0.166667,0.666667,0.166667,0.625,0.166667,0.583333,0.166667,0.541667,0.166667,0.5,0.166667,0.458333,0.166667,0.416667,0.166667,0.375,0.166667,0.333333,0.166667,0.291667,0.166667,0.25,0.166667,0.208333,0.166667,0.166667,0.166667,0.125,0.166667,0.083333,0.166667,0.041667,0.166667,0,0.083333,1,0.083333,0.958333,0.083333,0.916667,0.083333,0.875,0.083333,0.833333,0.083333,0.791667,0.083333,0.75,0.083333,0.708333,0.083333,0.666667,0.083333,0.625,0.083333,0.583333,0.083333,0.541667,0.083333,0.5,0.083333,0.458333,0.083333,0.416667,0.083333,0.375,0.083333,0.333333,0.083333,0.291667,0.083333,0.25,0.083333,0.208333,0.083333,0.166667,0.083333,0.125,0.083333,0.083333,0.083333,0.041667,0.083333,0,0,1,0,0.958333,0,0.916667,0,0.875,0,0.833333,0,0.791667,0,0.75,0,0.708333,0,0.666667,0,0.625,0,0.583333,0,0.541667,0,0.5,0,0.458333,0,0.416667,0,0.375,0,0.333333,0,0.291667,0,0.25,0,0.208333,0,0.166667,0,0.125,0,0.083333,0,0.041667,0,0]],
            "morphTargets": []
        },
        "type": "Geometry"
    },{
        "uuid": "FDA35051-77AC-3FCF-B642-34C990EA7344",
        "materials": [{
            "mapDiffuseWrap": ["RepeatWrapping","RepeatWrapping"],
            "doubleSided": true,
            "colorEmissive": [0,0,0],
            "mapDiffuse": "20150325100220_51865.jpg",
            "colorDiffuse": [0.690196,0.690196,0.690196],
            "colorAmbient": [0.690196,0.690196,0.690196],
            "depthTest": true,
            "colorSpecular": [0.001176,0.001176,0.001176],
            "shading": "phong",
            "DbgIndex": 0,
            "wireframe": false,
            "visible": true,
            "specularCoef": 50,
            "opacity": 1,
            "mapDiffuseAnisotropy": 1,
            "DbgColor": 15658734,
            "transparent": false,
            "blending": "NormalBlending",
            "DbgName": "Physical1",
            "mapDiffuseRepeat": [1,1],
            "depthWrite": true
        }],
        "data": {
            "bones": [],
            "faces": [43,0,2,3,1,0,0,1,2,3,0,0,0,0],
            "skinWeights": [],
            "name": "PlaneGeometry",
            "influencesPerVertex": 2,
            "normals": [0,0,1],
            "vertices": [-0.15,0.1,0,0.15,0.1,0,-0.15,-0.1,-0,0.15,-0.1,-0],
            "skinIndices": [],
            "metadata": {
                "bones": 0,
                "faces": 1,
                "normals": 1,
                "generator": "io_three",
                "morphTargets": 0,
                "uvs": 1,
                "materials": 1,
                "version": 3,
                "vertices": 4
            },
            "animations": [],
            "uvs": [[0,1,0,0,1,0,1,1]],
            "morphTargets": []
        },
        "type": "Geometry"
    },{
        "uuid": "F379AE98-C06B-3C1B-9C01-43C9DBB0E829",
        "materials": [{
            "mapDiffuseWrap": ["RepeatWrapping","RepeatWrapping"],
            "doubleSided": true,
            "colorEmissive": [0,0,0],
            "mapDiffuse": "1112.jpg",
            "colorDiffuse": [0.690196,0.690196,0.690196],
            "colorAmbient": [0.690196,0.690196,0.690196],
            "depthTest": true,
            "colorSpecular": [0.001176,0.001176,0.001176],
            "shading": "phong",
            "DbgIndex": 0,
            "wireframe": false,
            "visible": true,
            "specularCoef": 50,
            "opacity": 1,
            "mapDiffuseAnisotropy": 1,
            "DbgColor": 15658734,
            "transparent": false,
            "blending": "NormalBlending",
            "DbgName": "Physical3",
            "mapDiffuseRepeat": [1,1],
            "depthWrite": true
        }],
        "data": {
            "bones": [],
            "faces": [43,0,12,13,1,0,0,1,2,3,0,0,0,0,43,1,13,14,2,0,3,2,4,5,0,0,0,0,43,2,14,15,3,0,5,4,6,7,0,0,0,0,43,3,15,16,4,0,7,6,8,9,0,0,0,0,43,4,16,17,5,0,9,8,10,11,0,0,0,0,43,5,17,18,6,0,11,10,12,13,0,0,0,0,43,6,18,19,7,0,13,12,14,15,0,0,0,0,43,7,19,20,8,0,15,14,16,17,0,0,0,0,43,8,20,21,9,0,17,16,18,19,0,0,0,0,43,9,21,22,10,0,19,18,20,21,0,0,0,0,43,10,22,23,11,0,21,20,22,23,0,0,0,0,43,12,24,25,13,0,1,24,25,2,0,0,0,0,43,13,25,26,14,0,2,25,26,4,0,0,0,0,43,14,26,27,15,0,4,26,27,6,0,0,0,0,43,15,27,28,16,0,6,27,28,8,0,0,0,0,43,16,28,29,17,0,8,28,29,10,0,0,0,0,43,17,29,30,18,0,10,29,30,12,0,0,0,0,43,18,30,31,19,0,12,30,31,14,0,0,0,0,43,19,31,32,20,0,14,31,32,16,0,0,0,0,43,20,32,33,21,0,16,32,33,18,0,0,0,0,43,21,33,34,22,0,18,33,34,20,0,0,0,0,43,22,34,35,23,0,20,34,35,22,0,0,0,0,43,24,36,37,25,0,24,36,37,25,0,0,0,0,43,25,37,38,26,0,25,37,38,26,0,0,0,0,43,26,38,39,27,0,26,38,39,27,0,0,0,0,43,27,39,40,28,0,27,39,40,28,0,0,0,0,43,28,40,41,29,0,28,40,41,29,0,0,0,0,43,29,41,42,30,0,29,41,42,30,0,0,0,0,43,30,42,43,31,0,30,42,43,31,0,0,0,0,43,31,43,44,32,0,31,43,44,32,0,0,0,0,43,32,44,45,33,0,32,44,45,33,0,0,0,0,43,33,45,46,34,0,33,45,46,34,0,0,0,0,43,34,46,47,35,0,34,46,47,35,0,0,0,0,43,36,48,49,37,0,36,48,49,37,0,0,0,0,43,37,49,50,38,0,37,49,50,38,0,0,0,0,43,38,50,51,39,0,38,50,51,39,0,0,0,0,43,39,51,52,40,0,39,51,52,40,0,0,0,0,43,40,52,53,41,0,40,52,53,41,0,0,0,0,43,41,53,54,42,0,41,53,54,42,0,0,0,0,43,42,54,55,43,0,42,54,55,43,0,0,0,0,43,43,55,56,44,0,43,55,56,44,0,0,0,0,43,44,56,57,45,0,44,56,57,45,0,0,0,0,43,45,57,58,46,0,45,57,58,46,0,0,0,0,43,46,58,59,47,0,46,58,59,47,0,0,0,0,43,48,60,61,49,0,48,60,61,49,0,0,0,0,43,49,61,62,50,0,49,61,62,50,0,0,0,0,43,50,62,63,51,0,50,62,63,51,0,0,0,0,43,51,63,64,52,0,51,63,64,52,0,0,0,0,43,52,64,65,53,0,52,64,65,53,0,0,0,0,43,53,65,66,54,0,53,65,66,54,0,0,0,0,43,54,66,67,55,0,54,66,67,55,0,0,0,0,43,55,67,68,56,0,55,67,68,56,0,0,0,0,43,56,68,69,57,0,56,68,69,57,0,0,0,0,43,57,69,70,58,0,57,69,70,58,0,0,0,0,43,58,70,71,59,0,58,70,71,59,0,0,0,0,43,60,72,73,61,0,60,72,73,61,0,0,0,0,43,61,73,74,62,0,61,73,74,62,0,0,0,0,43,62,74,75,63,0,62,74,75,63,0,0,0,0,43,63,75,76,64,0,63,75,76,64,0,0,0,0,43,64,76,77,65,0,64,76,77,65,0,0,0,0,43,65,77,78,66,0,65,77,78,66,0,0,0,0,43,66,78,79,67,0,66,78,79,67,0,0,0,0,43,67,79,80,68,0,67,79,80,68,0,0,0,0,43,68,80,81,69,0,68,80,81,69,0,0,0,0,43,69,81,82,70,0,69,81,82,70,0,0,0,0,43,70,82,83,71,0,70,82,83,71,0,0,0,0,43,72,84,85,73,0,72,84,85,73,0,0,0,0,43,73,85,86,74,0,73,85,86,74,0,0,0,0,43,74,86,87,75,0,74,86,87,75,0,0,0,0,43,75,87,88,76,0,75,87,88,76,0,0,0,0,43,76,88,89,77,0,76,88,89,77,0,0,0,0,43,77,89,90,78,0,77,89,90,78,0,0,0,0,43,78,90,91,79,0,78,90,91,79,0,0,0,0,43,79,91,92,80,0,79,91,92,80,0,0,0,0,43,80,92,93,81,0,80,92,93,81,0,0,0,0,43,81,93,94,82,0,81,93,94,82,0,0,0,0,43,82,94,95,83,0,82,94,95,83,0,0,0,0,43,84,96,97,85,0,84,96,97,85,0,0,0,0,43,85,97,98,86,0,85,97,98,86,0,0,0,0,43,86,98,99,87,0,86,98,99,87,0,0,0,0,43,87,99,100,88,0,87,99,100,88,0,0,0,0,43,88,100,101,89,0,88,100,101,89,0,0,0,0,43,89,101,102,90,0,89,101,102,90,0,0,0,0,43,90,102,103,91,0,90,102,103,91,0,0,0,0,43,91,103,104,92,0,91,103,104,92,0,0,0,0,43,92,104,105,93,0,92,104,105,93,0,0,0,0,43,93,105,106,94,0,93,105,106,94,0,0,0,0,43,94,106,107,95,0,94,106,107,95,0,0,0,0,43,96,108,109,97,0,96,108,109,97,0,0,0,0,43,97,109,110,98,0,97,109,110,98,0,0,0,0,43,98,110,111,99,0,98,110,111,99,0,0,0,0,43,99,111,112,100,0,99,111,112,100,0,0,0,0,43,100,112,113,101,0,100,112,113,101,0,0,0,0,43,101,113,114,102,0,101,113,114,102,0,0,0,0,43,102,114,115,103,0,102,114,115,103,0,0,0,0,43,103,115,116,104,0,103,115,116,104,0,0,0,0,43,104,116,117,105,0,104,116,117,105,0,0,0,0,43,105,117,118,106,0,105,117,118,106,0,0,0,0,43,106,118,119,107,0,106,118,119,107,0,0,0,0,43,108,120,121,109,0,108,120,121,109,0,0,0,0,43,109,121,122,110,0,109,121,122,110,0,0,0,0,43,110,122,123,111,0,110,122,123,111,0,0,0,0,43,111,123,124,112,0,111,123,124,112,0,0,0,0,43,112,124,125,113,0,112,124,125,113,0,0,0,0,43,113,125,126,114,0,113,125,126,114,0,0,0,0,43,114,126,127,115,0,114,126,127,115,0,0,0,0,43,115,127,128,116,0,115,127,128,116,0,0,0,0,43,116,128,129,117,0,116,128,129,117,0,0,0,0,43,117,129,130,118,0,117,129,130,118,0,0,0,0,43,118,130,131,119,0,118,130,131,119,0,0,0,0,43,120,132,133,121,0,120,132,133,121,0,0,0,0,43,121,133,134,122,0,121,133,134,122,0,0,0,0,43,122,134,135,123,0,122,134,135,123,0,0,0,0,43,123,135,136,124,0,123,135,136,124,0,0,0,0,43,124,136,137,125,0,124,136,137,125,0,0,0,0,43,125,137,138,126,0,125,137,138,126,0,0,0,0,43,126,138,139,127,0,126,138,139,127,0,0,0,0,43,127,139,140,128,0,127,139,140,128,0,0,0,0,43,128,140,141,129,0,128,140,141,129,0,0,0,0,43,129,141,142,130,0,129,141,142,130,0,0,0,0,43,130,142,143,131,0,130,142,143,131,0,0,0,0],
            "skinWeights": [],
            "name": "Plane1Geometry",
            "influencesPerVertex": 2,
            "normals": [0,0,1],
            "vertices": [-7,7,0,-5.72727,7,0,-4.45455,7,0,-3.18182,7,0,-1.90909,7,0,-0.636364,7,0,0.636364,7,0,1.90909,7,0,3.18182,7,0,4.45455,7,0,5.72727,7,0,7,7,0,-7,5.72727,0,-5.72727,5.72727,0,-4.45455,5.72727,0,-3.18182,5.72727,0,-1.90909,5.72727,0,-0.636364,5.72727,0,0.636364,5.72727,0,1.90909,5.72727,0,3.18182,5.72727,0,4.45455,5.72727,0,5.72727,5.72727,0,7,5.72727,0,-7,4.45455,0,-5.72727,4.45455,0,-4.45455,4.45455,0,-3.18182,4.45455,0,-1.90909,4.45455,0,-0.636364,4.45455,0,0.636364,4.45455,0,1.90909,4.45455,0,3.18182,4.45455,0,4.45455,4.45455,0,5.72727,4.45455,0,7,4.45455,0,-7,3.18182,0,-5.72727,3.18182,0,-4.45455,3.18182,0,-3.18182,3.18182,0,-1.90909,3.18182,0,-0.636364,3.18182,0,0.636364,3.18182,0,1.90909,3.18182,0,3.18182,3.18182,0,4.45455,3.18182,0,5.72727,3.18182,0,7,3.18182,0,-7,1.90909,0,-5.72727,1.90909,0,-4.45455,1.90909,0,-3.18182,1.90909,0,-1.90909,1.90909,0,-0.636364,1.90909,0,0.636364,1.90909,0,1.90909,1.90909,0,3.18182,1.90909,0,4.45455,1.90909,0,5.72727,1.90909,0,7,1.90909,0,-7,0.636364,0,-5.72727,0.636364,0,-4.45455,0.636364,0,-3.18182,0.636364,0,-1.90909,0.636364,0,-0.636364,0.636364,0,0.636364,0.636364,0,1.90909,0.636364,0,3.18182,0.636364,0,4.45455,0.636364,0,5.72727,0.636364,0,7,0.636364,0,-7,-0.636364,-0,-5.72727,-0.636364,-0,-4.45455,-0.636364,-0,-3.18182,-0.636364,-0,-1.90909,-0.636364,-0,-0.636364,-0.636364,-0,0.636364,-0.636364,-0,1.90909,-0.636364,-0,3.18182,-0.636364,-0,4.45455,-0.636364,-0,5.72727,-0.636364,-0,7,-0.636364,-0,-7,-1.90909,-0,-5.72727,-1.90909,-0,-4.45455,-1.90909,-0,-3.18182,-1.90909,-0,-1.90909,-1.90909,-0,-0.636364,-1.90909,-0,0.636364,-1.90909,-0,1.90909,-1.90909,-0,3.18182,-1.90909,-0,4.45455,-1.90909,-0,5.72727,-1.90909,-0,7,-1.90909,-0,-7,-3.18182,-0,-5.72727,-3.18182,-0,-4.45455,-3.18182,-0,-3.18182,-3.18182,-0,-1.90909,-3.18182,-0,-0.636364,-3.18182,-0,0.636364,-3.18182,-0,1.90909,-3.18182,-0,3.18182,-3.18182,-0,4.45455,-3.18182,-0,5.72727,-3.18182,-0,7,-3.18182,-0,-7,-4.45455,-0,-5.72727,-4.45455,-0,-4.45455,-4.45455,-0,-3.18182,-4.45455,-0,-1.90909,-4.45455,-0,-0.636364,-4.45455,-0,0.636364,-4.45455,-0,1.90909,-4.45455,-0,3.18182,-4.45455,-0,4.45455,-4.45455,-0,5.72727,-4.45455,-0,7,-4.45455,-0,-7,-5.72727,-0,-5.72727,-5.72727,-0,-4.45455,-5.72727,-0,-3.18182,-5.72727,-0,-1.90909,-5.72727,-0,-0.636364,-5.72727,-0,0.636364,-5.72727,-0,1.90909,-5.72727,-0,3.18182,-5.72727,-0,4.45455,-5.72727,-0,5.72727,-5.72727,-0,7,-5.72727,-0,-7,-7,-0,-5.72727,-7,-0,-4.45455,-7,-0,-3.18182,-7,-0,-1.90909,-7,-0,-0.636364,-7,-0,0.636364,-7,-0,1.90909,-7,-0,3.18182,-7,-0,4.45455,-7,-0,5.72727,-7,-0,7,-7,-0],
            "skinIndices": [],
            "metadata": {
                "bones": 0,
                "faces": 121,
                "normals": 1,
                "generator": "io_three",
                "morphTargets": 0,
                "uvs": 1,
                "materials": 1,
                "version": 3,
                "vertices": 144
            },
            "animations": [],
            "uvs": [[0,1,0,0.909091,0.090909,0.909091,0.090909,1,0.181818,0.909091,0.181818,1,0.272727,0.909091,0.272727,1,0.363636,0.909091,0.363636,1,0.454545,0.909091,0.454545,1,0.545455,0.909091,0.545455,1,0.636364,0.909091,0.636364,1,0.727273,0.909091,0.727273,1,0.818182,0.909091,0.818182,1,0.909091,0.909091,0.909091,1,1,0.909091,1,1,0,0.818182,0.090909,0.818182,0.181818,0.818182,0.272727,0.818182,0.363636,0.818182,0.454545,0.818182,0.545455,0.818182,0.636364,0.818182,0.727273,0.818182,0.818182,0.818182,0.909091,0.818182,1,0.818182,0,0.727273,0.090909,0.727273,0.181818,0.727273,0.272727,0.727273,0.363636,0.727273,0.454545,0.727273,0.545455,0.727273,0.636364,0.727273,0.727273,0.727273,0.818182,0.727273,0.909091,0.727273,1,0.727273,0,0.636364,0.090909,0.636364,0.181818,0.636364,0.272727,0.636364,0.363636,0.636364,0.454545,0.636364,0.545455,0.636364,0.636364,0.636364,0.727273,0.636364,0.818182,0.636364,0.909091,0.636364,1,0.636364,0,0.545455,0.090909,0.545455,0.181818,0.545455,0.272727,0.545455,0.363636,0.545455,0.454545,0.545455,0.545455,0.545455,0.636364,0.545455,0.727273,0.545455,0.818182,0.545455,0.909091,0.545455,1,0.545455,0,0.454545,0.090909,0.454545,0.181818,0.454545,0.272727,0.454545,0.363636,0.454545,0.454545,0.454545,0.545455,0.454545,0.636364,0.454545,0.727273,0.454545,0.818182,0.454545,0.909091,0.454545,1,0.454545,0,0.363636,0.090909,0.363636,0.181818,0.363636,0.272727,0.363636,0.363636,0.363636,0.454545,0.363636,0.545455,0.363636,0.636364,0.363636,0.727273,0.363636,0.818182,0.363636,0.909091,0.363636,1,0.363636,0,0.272727,0.090909,0.272727,0.181818,0.272727,0.272727,0.272727,0.363636,0.272727,0.454545,0.272727,0.545455,0.272727,0.636364,0.272727,0.727273,0.272727,0.818182,0.272727,0.909091,0.272727,1,0.272727,0,0.181818,0.090909,0.181818,0.181818,0.181818,0.272727,0.181818,0.363636,0.181818,0.454545,0.181818,0.545455,0.181818,0.636364,0.181818,0.727273,0.181818,0.818182,0.181818,0.909091,0.181818,1,0.181818,0,0.090909,0.090909,0.090909,0.181818,0.090909,0.272727,0.090909,0.363636,0.090909,0.454545,0.090909,0.545455,0.090909,0.636364,0.090909,0.727273,0.090909,0.818182,0.090909,0.909091,0.090909,1,0.090909,0,0,0.090909,0,0.181818,0,0.272727,0,0.363636,0,0.454545,0,0.545455,0,0.636364,0,0.727273,0,0.818182,0,0.909091,0,1,0]],
            "morphTargets": []
        },
        "type": "Geometry"
    }],
    "animations": [{
        "fps": 29,
        "tracks": [{
            "type": "vector3",
            "keys": [{
                "value": [0,0.75,-0.0005],
                "time": 0
            },{
                "value": [0,0.75,-0.0005],
                "time": 120
            },{
                "value": [0,0.75,-0.0005],
                "time": 240
            },{
                "value": [0,0.75,-0.0005],
                "time": 360
            }],
            "name": "CameraPreset.position"
        },{
            "type": "vector3",
            "keys": [{
                "value": [1,1,1],
                "time": 0
            },{
                "value": [1,1,1],
                "time": 120
            },{
                "value": [1,1,1],
                "time": 240
            },{
                "value": [1,1,1],
                "time": 360
            }],
            "name": "CameraPreset.scale"
        },{
            "type": "quaternion",
            "keys": [{
                "value": [0,0.707107,0.707107,0],
                "time": 0
            },{
                "value": [-0.612372,-0.353553,-0.353553,0.612372],
                "time": 120
            },{
                "value": [-0.612372,0.353553,0.353553,0.612372],
                "time": 240
            },{
                "value": [-0,0.707107,0.707107,0],
                "time": 360
            }],
            "name": "CameraPreset.quaternion"
        }],
        "name": "default"
    }],
    "textures": [{
        "uuid": "44F0F7AE-77D0-3967-B625-79ED2000E3BE",
        "repeat": [1,1],
        "image": "634BE45C-BE69-3109-BFC2-D1E1454C4D5A",
        "magFilter": 1006,
        "name": "20150325100220_51865_jpg",
        "wrap": [1000,1000],
        "minFilter": 1008,
        "mapping": 300,
        "anisotropy": 1
    },{
        "uuid": "4CEA842E-E4BD-3371-B3B2-C6A819C384B9",
        "repeat": [1,1],
        "image": "BC3E0180-4739-3EA6-8D36-D943FCB29991",
        "magFilter": 1006,
        "name": "1112_jpg",
        "wrap": [1000,1000],
        "minFilter": 1008,
        "mapping": 300,
        "anisotropy": 1
    },{
        "uuid": "35BA7677-48AA-375A-B128-6249054894C5",
        "repeat": [1,1],
        "image": "57AEF25F-507E-3852-859C-E6A3FA355065",
        "magFilter": 1006,
        "name": "12Building_texture6_jpg",
        "wrap": [1000,1000],
        "minFilter": 1008,
        "mapping": 300,
        "anisotropy": 1
    },{
        "uuid": "FBFFD8B4-9DCB-3718-A0B7-14C99895B30B",
        "repeat": [1,1],
        "image": "EDB593CD-F0B3-3B78-BC0A-4C7766E78056",
        "magFilter": 1006,
        "name": "Skies0239_600_jpg",
        "wrap": [1000,1000],
        "minFilter": 1008,
        "mapping": 300,
        "anisotropy": 1
    }],
    "images": [{
        "uuid": "634BE45C-BE69-3109-BFC2-D1E1454C4D5A",
        "url": "20150325100220_51865.jpg",
        "name": "20150325100220_51865.jpg"
    },{
        "uuid": "BC3E0180-4739-3EA6-8D36-D943FCB29991",
        "url": "1112.jpg",
        "name": "1112.jpg"
    },{
        "uuid": "57AEF25F-507E-3852-859C-E6A3FA355065",
        "url": "12Building_texture6.jpg",
        "name": "12Building_texture6.jpg"
    },{
        "uuid": "EDB593CD-F0B3-3B78-BC0A-4C7766E78056",
        "url": "Skies0239_600.jpg",
        "name": "Skies0239_600.jpg"
    }],
    "materials": [{
        "side": 2,
        "name": "Physical1",
        "vertexColors": false,
        "depthTest": true,
        "ambient": 11579568,
        "type": "MeshPhongMaterial",
        "uuid": "EBEEF0BF-3581-3563-AE10-379FF032D230",
        "shininess": 50,
        "specular": 0,
        "blending": "NormalBlending",
        "emissive": 0,
        "color": 11579568,
        "map": "44F0F7AE-77D0-3967-B625-79ED2000E3BE",
        "depthWrite": true
    },{
        "side": 2,
        "name": "Physical3",
        "vertexColors": false,
        "depthTest": true,
        "ambient": 11579568,
        "type": "MeshPhongMaterial",
        "uuid": "AD2A5978-6198-371D-BDAF-1E2A9D66113B",
        "shininess": 50,
        "specular": 0,
        "blending": "NormalBlending",
        "emissive": 0,
        "color": 11579568,
        "map": "4CEA842E-E4BD-3371-B3B2-C6A819C384B9",
        "depthWrite": true
    },{
        "side": 2,
        "name": "Standard2",
        "vertexColors": false,
        "depthTest": true,
        "ambient": 11579568,
        "type": "MeshPhongMaterial",
        "uuid": "900DACFF-20F8-3283-BB31-40AB36F205F9",
        "shininess": 50,
        "specular": 1644825,
        "blending": "NormalBlending",
        "emissive": 0,
        "color": 11579568,
        "map": "35BA7677-48AA-375A-B128-6249054894C5",
        "depthWrite": true
    },{
        "side": 2,
        "name": "Standard3",
        "vertexColors": false,
        "depthTest": true,
        "ambient": 11579568,
        "type": "MeshPhongMaterial",
        "uuid": "AEB0B152-F015-316A-8275-AB6518E25DCD",
        "shininess": 50,
        "specular": 1644825,
        "blending": "NormalBlending",
        "emissive": 0,
        "color": 11579568,
        "map": "FBFFD8B4-9DCB-3718-A0B7-14C99895B30B",
        "depthWrite": true
    }]
}